id,price,model,mileage,motorcycle_class,year,engine_capacity,engine_strokes,damaged,documents,city
1,300 000₽,Yamaha FZ 6,None,Спортивный,2009,600 куб. см.,None,Исправен,Есть ПТС,Москва
2,350 000₽,BMW G 650 GS,5 100 км,Эндуро,2012,650 куб. см.,4х тактный,Исправен,Есть ПТС,Москва
3,665 000₽,Honda CB 1100,17 000 км,Классика,2016,1 150 куб. см.,4х тактный,Исправен,Есть ПТС,Москва
5,75 000₽,Урал М-72,20 000 км,Кастом,1994,749 куб. см.,4х тактный,Исправен,Есть ПТС,Москва
6,230 000₽,Suzuki GSX-R 750,17 000 км,Спортивный,2004,750 куб. см.,4х тактный,Исправен,Есть ПТС,Москва
7,120 000₽,Suzuki DR 250SE,16 998 км,Эндуро,1996,250 куб. см.,4х тактный,Исправен,Есть ПТС,Москва
8,130 000₽,Suzuki DR 250SE,19 000 км,Эндуро,1996,250 куб. см.,4х тактный,Исправен,Есть ПТС,Москва
9,300 000₽,Kawasaki KX 250F,148 км,Кроссовый,2015,250 куб. см.,4х тактный,Исправен,Без ПТС,Москва
10,179 900₽,Bajaj Pulsar,1 км,Классика,2017,198 куб. см.,4х тактный,Исправен,Есть ПТС,Москва
11,455 000₽,Suzuki RM-Z 250,1 км,Спортивный,2016,250 куб. см.,4х тактный,Исправен,Без ПТС,Москва
12,215 000₽,Kawasaki ZZR 400,48 125 км,Спортивный,2006,400 куб. см.,4х тактный,Исправен,Есть ПТС,Москва
13,98 000₽,Suzuki GN 125,2 677 км,Классика,2008,125 куб. см.,4х тактный,Исправен,Есть ПТС,Москва
14,285 000₽,Honda CBR 250R,321 км,Спортивный,2012,250 куб. см.,4х тактный,Исправен,Есть ПТС,Москва
15,595 000₽,Suzuki V-Strom DL650A,2 км,Эндуро,2014,645 куб. см.,4х тактный,Исправен,Есть ПТС,Москва
16,100 000₽,Honda CB 400SF,45 000 км,Классика,1993,400 куб. см.,4х тактный,Исправен,Есть ПТС,Москва
17,190 000₽,Kawasaki KLX 250,17 854 км,Эндуро,2011,250 куб. см.,4х тактный,Исправен,Есть ПТС,Москва
18,250 000₽,Kawasaki W650,48 000 км,Классика,2001,650 куб. см.,4х тактный,Исправен,Есть ПТС,Москва
19,250 000₽,Honda CB 1300,24 065 км,Классика,1998,1 300 куб. см.,4х тактный,Исправен,Есть ПТС,Москва
20,78 000₽,Honda VT 250F,3 372 км,Спорт-турист,1996,250 куб. см.,4х тактный,Исправен,Есть ПТС,Москва
21,235 000₽,Honda CBR 600F,23 593 км,Спорт-турист,2001,600 куб. см.,4х тактный,Исправен,Есть ПТС,Москва
22,222 000₽,Yamaha V-Max,13 168 км,Классика,1998,1 200 куб. см.,4х тактный,Исправен,Есть ПТС,Москва
23,277 500₽,Honda Shadow 1100,14 239 км,Чоппер,2001,1 100 куб. см.,4х тактный,Исправен,Есть ПТС,Москва
24,261 000₽,Suzuki VL800 Volusia,34 051 км,Круизер,2003,800 куб. см.,4х тактный,Исправен,Есть ПТС,Москва
25,353 000₽,Harley-Davidson Sportster 1200 Custom XL1200C,31 501 км,Чоппер,2005,1 200 куб. см.,4х тактный,Исправен,Есть ПТС,Москва
26,353 000₽,Harley-Davidson Sportster 1200 Custom XL1200C,20 798 км,Чоппер,2006,1 200 куб. см.,4х тактный,Исправен,Есть ПТС,Москва
27,432 000₽,Harley-Davidson Softail Standart FXST,36 267 км,Кастом,2004,1 450 куб. см.,4х тактный,Исправен,Есть ПТС,Москва
28,329 500₽,Kawasaki VN Vulcan 900 Classic,22 951 км,Круизер,2006,900 куб. см.,4х тактный,Исправен,Есть ПТС,Москва
29,304 000₽,Suzuki GSF 1250S Bandit,23 541 км,Классика,2008,1 250 куб. см.,4х тактный,Исправен,Есть ПТС,Москва
30,321 000₽,Ducati Monster S4R S Tricolore,16 925 км,Стритфайтер,2003,996 куб. см.,4х тактный,Исправен,Есть ПТС,Москва
31,336 500₽,Honda Shadow 1100,33 080 км,Чоппер,2007,1 100 куб. см.,4х тактный,Исправен,Есть ПТС,Москва
32,163 000₽,Honda Steed 400,30 929 км,Чоппер,1998,400 куб. см.,4х тактный,Исправен,Есть ПТС,Москва
33,181 000₽,Yamaha FZX 750,25 707 км,Классика,2000,750 куб. см.,4х тактный,Исправен,Есть ПТС,Москва
34,667 500₽,Kawasaki VN Vulcan 1700 Voyager,3 019 км,Круизер,2011,1 700 куб. см.,4х тактный,Исправен,Есть ПТС,Москва
35,818 000₽,Triumph Thunderbird Commander,16 769 км,Круизер,2014,1 700 куб. см.,4х тактный,Исправен,Есть ПТС,Москва
36,277 500₽,Suzuki Boulevard M50,8 867 км,Чоппер,2005,800 куб. см.,4х тактный,Исправен,Есть ПТС,Москва
37,277 500₽,Honda Shadow Aero,16 384 км,Круизер,2005,750 куб. см.,4х тактный,Исправен,Есть ПТС,Москва
38,279 500₽,Honda Shadow Spirit,18 137 км,Чоппер,2001,1 100 куб. см.,4х тактный,Исправен,Есть ПТС,Москва
39,291 500₽,Yamaha FZ 6,30 162 км,Стритфайтер,2007,600 куб. см.,4х тактный,Исправен,Есть ПТС,Москва
40,408 000₽,Harley-Davidson Sportster 1200 Nightster XL1200N,16 528 км,Кастом,2007,1 200 куб. см.,4х тактный,Исправен,Есть ПТС,Москва
41,171 000₽,Honda Shadow 600,15 825 км,Чоппер,1997,600 куб. см.,4х тактный,Исправен,Есть ПТС,Москва
42,252 500₽,Honda Shadow Spirit,30 511 км,Чоппер,2006,750 куб. см.,4х тактный,Исправен,Есть ПТС,Москва
43,674 000₽,BMW R 1200 RT,19 357 км,Спорт-турист,2010,1 200 куб. см.,4х тактный,Исправен,Без ПТС,Москва
44,183 000₽,Yamaha V-Max 1200,6 934 км,Классика,1994,1 200 куб. см.,4х тактный,Исправен,Без ПТС,Москва
45,183 000₽,Yamaha XG250 Tricker,16 526 км,Эндуро,2005,250 куб. см.,4х тактный,Исправен,Есть ПТС,Москва
46,196 000₽,Honda Shadow,26 384 км,Чоппер,2001,600 куб. см.,4х тактный,Исправен,Есть ПТС,Москва
47,337 500₽,Kawasaki VN Vulcan 900 Classic,18 199 км,Круизер,2008,900 куб. см.,4х тактный,Исправен,Есть ПТС,Москва
48,345 000₽,Honda NC 700X,13 327 км,Классика,2012,700 куб. см.,4х тактный,None,Есть ПТС,Москва
49,175 000₽,Yamaha XVS 400,6 891 км,Чоппер,1998,400 куб. см.,4х тактный,Исправен,Есть ПТС,Москва
50,85 000₽,Минск X 250,1 км,Эндуро,2018,225 куб. см.,4х тактный,Исправен,Есть ПТС,Москва
51,65 000₽,Минск D 125,1 км,Классика,2018,125 куб. см.,4х тактный,Исправен,Есть ПТС,Москва
52,85 000₽,Минск Х 250,1 км,Эндуро,2018,225 куб. см.,4х тактный,Исправен,Есть ПТС,Москва
53,65 000₽,Минск D 125,1 км,Классика,2018,125 куб. см.,4х тактный,Исправен,Есть ПТС,Москва
54,90 000₽,Yamaha FZ 6,12 000 км,Классика,2008,600 куб. см.,4х тактный,Исправен,Без ПТС,Москва
55,35 000₽,Centurion Bitrix,1 200 км,Спортивный,2014,150 куб. см.,4х тактный,Исправен,Есть ПТС,Москва
56,180 000₽,Honda CB400SS E,19 000 км,Классика,2005,400 куб. см.,None,Исправен,Есть ПТС,Москва
57,170 000₽,Yamaha Virago - 400,13 000 км,Классика,1994,400 куб. см.,None,Исправен,Есть ПТС,Москва
58,175 000₽,Honda XR 250R,12 000 км,Эндуро,2001,250 куб. см.,4х тактный,Исправен,Есть ПТС,Москва
59,Цена не указана,Yamaha XVS 400,38 000 км,Кастом,2001,400 куб. см.,4х тактный,Исправен,Есть ПТС,Москва
60,260 000₽,Kawasaki Z,38 000 км,Стритфайтер,2012,750 куб. см.,4х тактный,Исправен,Есть ПТС,Москва
61,285 000₽,Suzuki VL1500 Intruder,37 000 км,Чоппер,1999,1 500 куб. см.,4х тактный,Исправен,Есть ПТС,Москва
62,265 000₽,Suzuki V-Strom 650,42 000 км,Туристический,2007,650 куб. см.,4х тактный,Исправен,Есть ПТС,Москва
63,1 100 000₽,Harley-Davidson Heritage Springer FLSTS,43 000 км,None,1998,1 340 куб. см.,4х тактный,Исправен,Есть ПТС,Москва
64,Цена не указана,Futong,1 800 км,Классика,2009,97 куб. см.,4х тактный,Исправен,Есть ПТС,Москва
65,360 000₽,Yamaha XT 250,2 310 км,Кроссовый,2010,250 куб. см.,4х тактный,Исправен,Есть ПТС,Москва
66,305 000₽,Kawasaki ER-6F,27 978 км,Классика,2009,650 куб. см.,4х тактный,Исправен,Есть ПТС,Москва
67,430 000₽,Yamaha FJR 1300,47 935 км,Спорт-турист,2002,1 300 куб. см.,4х тактный,Исправен,Есть ПТС,Москва
68,180 000₽,KTM 85 SX,50 км,Кроссовый,2016,85 куб. см.,2х тактный,Исправен,Без ПТС,Москва
69,295 000₽,Kawasaki Ninja,10 898 км,Спортивный,2008,650 куб. см.,4х тактный,Исправен,Есть ПТС,Москва
70,290 000₽,Honda CB 750,37 862 км,Классика,2006,750 куб. см.,4х тактный,Исправен,Есть ПТС,Москва
71,295 000₽,Honda CBR 900RR,18 955 км,Спортивный,1999,900 куб. см.,4х тактный,Исправен,Есть ПТС,Москва
72,400 000₽,Yamaha FJR 1300,54 000 км,Спорт-турист,2007,1 298 куб. см.,4х тактный,Исправен,Есть ПТС,Москва
73,210 000₽,Honda VT 750,78 000 км,Круизер,2001,750 куб. см.,4х тактный,Исправен,Есть ПТС,Москва
74,90 000₽,Honda QR50,10 км,Детский,1998,50 куб. см.,2х тактный,Исправен,Без ПТС,Москва
75,340 000₽,Honda CRF 450R,1 км,Кроссовый,2008,450 куб. см.,4х тактный,Исправен,Без ПТС,Москва
76,22 000₽,Nitro Motors Croxx 10,1 км,Детский,2018,49 куб. см.,2х тактный,Исправен,Без ПТС,Москва
77,23 000₽,Nitro Motors Coyote,1 км,Детский,2018,49 куб. см.,2х тактный,Исправен,Без ПТС,Москва
78,74 000₽,Nitro Motors Hurricane 150,1 км,Кроссовый,2018,150 куб. см.,4х тактный,Исправен,Без ПТС,Москва
79,86 000₽,Nitro Motors Hurricane 250,1 км,Кроссовый,2018,250 куб. см.,4х тактный,Исправен,Без ПТС,Москва
80,58 000₽,Nitro Motors Toronto 3G8,1 км,Детский,2018,125 куб. см.,4х тактный,Исправен,Без ПТС,Москва
81,17 000₽,Nitro Motors PS77,1 км,Детский,2018,49 куб. см.,2х тактный,Исправен,Без ПТС,Москва
82,17 500₽,KXD PB 008A,1 км,Детский,2018,49 куб. см.,2х тактный,Исправен,Без ПТС,Москва
83,16 000₽,Nitro Motors DS67,1 км,Детский,2018,49 куб. см.,2х тактный,Исправен,Без ПТС,Москва
84,22 000₽,KXD PB 008E,1 км,Детский,2018,49 куб. см.,2х тактный,Исправен,Без ПТС,Москва
85,55 000₽,KXD DB 607,1 км,Питбайк,2018,125 куб. см.,4х тактный,Исправен,Без ПТС,Москва
86,58 000₽,Jumper,1 км,Детский,2018,125 куб. см.,4х тактный,Исправен,Без ПТС,Москва
87,16 000₽,Apollo,1 км,Детский,2018,49 куб. см.,2х тактный,Исправен,Без ПТС,Москва
88,24 000₽,KXD PB 008S,1 км,Детский,2018,49 куб. см.,2х тактный,Исправен,Без ПТС,Москва
89,45 000₽,Nitro Motors Strom 110cc,1 км,Питбайк,2018,110 куб. см.,4х тактный,Исправен,Без ПТС,Москва
90,65 000₽,Nitro NRG 50 14/12,1 км,Детский,2018,49 куб. см.,2х тактный,Исправен,Без ПТС,Москва
91,150 000₽,BMW R 1100 RT,90 000 км,Спорт-турист,1996,1 100 куб. см.,4х тактный,None,Есть ПТС,Москва
92,350 000₽,Kawasaki VN Vulcan 900,19 175 км,Чоппер,2008,900 куб. см.,4х тактный,Исправен,Есть ПТС,Москва
93,165 000₽,Honda SL 230,8 395 км,Эндуро,2004,230 куб. см.,4х тактный,Исправен,Есть ПТС,Москва
94,100 000₽,Kawasaki ZZR 400 2,32 000 км,Спорт-турист,1999,400 куб. см.,4х тактный,Исправен,Есть ПТС,Москва
95,215 000₽,Honda Shadow,32 251 км,Чоппер,2003,400 куб. см.,4х тактный,Исправен,Есть ПТС,Москва
96,17 500₽,Минибайк (мини мотоцикл) PS77,1 км,Спортивный,2018,49 куб. см.,2х тактный,Исправен,Без ПТС,Москва
97,22 000₽,ABM Alpha,1 км,Спортивный,2018,49 куб. см.,2х тактный,Исправен,Без ПТС,Москва
98,16 500₽,PS77,1 км,Спортивный,2018,49 куб. см.,2х тактный,Исправен,Без ПТС,Москва
99,17 000₽,Минибайк с высокой посадкой DS67,1 км,Эндуро,2018,49 куб. см.,2х тактный,Исправен,Без ПТС,Москва
100,22 000₽,Минибайк (минимотоцикл) PS50 Rocket,1 км,Спортивный,2018,49 куб. см.,2х тактный,Исправен,Без ПТС,Москва
101,22 000₽,Минибайк PS50 Rocket Bigbore,1 км,Спортивный,2018,49 куб. см.,2х тактный,Исправен,Без ПТС,Москва
102,29 500₽,Электрический мотоцикл ECO Gazelle 500W,1 км,Детский,2018,500 куб. см.,2х тактный,Исправен,Без ПТС,Москва
103,22 500₽,Кроссовый минибайк COYOTE 10 дюймов колеса,1 км,Питбайк,2018,49 куб. см.,2х тактный,Исправен,Без ПТС,Москва
104,22 000₽,Минибайк PS-60 Mossi,1 км,Спортивный,2018,49 куб. см.,2х тактный,Исправен,Без ПТС,Москва
105,22 500₽,Кроссбайк 49cc Flash 2S легкий стартер,1 км,Детский,2018,49 куб. см.,2х тактный,Исправен,Без ПТС,Москва
106,49 000₽,Кроссовый мотоцикл 125cc SKY 14/12,1 км,Питбайк,2017,125 куб. см.,4х тактный,Исправен,Без ПТС,Москва
107,16 000₽,KXD,1 км,Детский,2018,49 куб. см.,2х тактный,Исправен,Без ПТС,Москва
108,40 000₽,Кроссовый мотоцикл Dirtbike NXD 17/14 дюймов колеса,1 км,Питбайк,2018,125 куб. см.,4х тактный,Исправен,Без ПТС,Москва
109,42 000₽,Кроссовый мотоцикл 110cc Storm Dirtbike,1 км,Питбайк,2018,110 куб. см.,4х тактный,Исправен,Без ПТС,Москва
110,78 000₽,Nitro Motors Apollo 10,1 км,Кроссовый,2018,250 куб. см.,4х тактный,Исправен,Без ПТС,Москва
111,73 000₽,Nitro Motors Apollo 10,1 км,Кроссовый,2018,150 куб. см.,4х тактный,Исправен,Без ПТС,Москва
112,16 000₽,KXD PB 008A,1 км,Детский,2018,49 куб. см.,2х тактный,Исправен,Без ПТС,Москва
113,20 000₽,KXD DB 708A,1 км,Детский,2018,49 куб. см.,2х тактный,Исправен,Без ПТС,Москва
114,495 000₽,Suzuki V-Strom DL650,370 км,Эндуро,2013,650 куб. см.,4х тактный,Исправен,Есть ПТС,Москва
115,120 000₽,Honda VF 250 Magna,21 745 км,Чоппер,1994,250 куб. см.,4х тактный,Исправен,Есть ПТС,Москва
116,59 000₽,Armada PB 125,1 км,Эндуро,2017,125 куб. см.,4х тактный,Исправен,Без ПТС,Москва
117,52 500₽,Armada,1 км,Питбайк,2017,125 куб. см.,4х тактный,Исправен,Без ПТС,Москва
118,210 000₽,Yamaha TW 225,9 284 км,Эндуро,2006,225 куб. см.,4х тактный,None,Есть ПТС,Москва
119,165 000₽,Yamaha SR400,36 480 км,Классика,2001,399 куб. см.,4х тактный,Исправен,Есть ПТС,Москва
120,440 000₽,Yamaha XT 250,16 км,Кроссовый,2013,250 куб. см.,4х тактный,Исправен,Есть ПТС,Москва
121,80 900₽,Bajaj Boxer BM 150 X,1 км,Классика,2017,150 куб. см.,4х тактный,Исправен,Есть ПТС,Москва
122,160 000₽,Honda GL 650,35 000 км,Туристический,1986,678 куб. см.,4х тактный,Исправен,Есть ПТС,Москва
123,379 000₽,Kawasaki VN Vulcan 900 Classic,21 154 км,Круизер,2011,900 куб. см.,4х тактный,Исправен,Есть ПТС,Москва
124,319 000₽,Yamaha XVS 1100,8 319 км,Чоппер,2006,1 100 куб. см.,4х тактный,Исправен,Есть ПТС,Москва
125,299 000₽,Honda CBR 500R,19 407 км,Спортивный,2013,None,4х тактный,Исправен,Есть ПТС,Москва
126,179 000₽,Suzuki GSX 750F Katana,17 209 км,Спорт-турист,2001,750 куб. см.,4х тактный,Исправен,Есть ПТС,Москва
127,285 000₽,Honda Shadow Aero,30 928 км,Круизер,2000,1 100 куб. см.,4х тактный,Исправен,Есть ПТС,Москва
128,799 000₽,Harley-Davidson Rocker C FXCWC,15 000 км,Чоппер,2011,1 600 куб. см.,4х тактный,Исправен,Есть ПТС,Москва
129,450 000₽,Honda CBR 1000RR Fireblade,42 000 км,Спортивный,2008,1 000 куб. см.,4х тактный,Исправен,Есть ПТС,Москва
130,250 000₽,Suzuki VL800 Volusia,21 000 км,Круизер,2001,800 куб. см.,4х тактный,Исправен,Есть ПТС,Москва
131,250 000₽,Honda XL 1000V Varadero,107 000 км,Туристический,2002,1 000 куб. см.,4х тактный
				
			
			
?,Исправен,Есть ПТС,Москва
132,120 000₽,Honda,6 000 км,Эндуро,1981,249 куб. см.,4х тактный,Исправен,Есть ПТС,Москва
133,185 000₽,Honda Super Cub,4 395 км,Классика,2014,110 куб. см.,4х тактный,Исправен,Есть ПТС,Москва
134,260 000₽,Kawasaki KX 85-II,1 км,Эндуро,2013,85 куб. см.,2х тактный,Исправен,Без ПТС,Москва
135,255 000₽,Honda XR 250,22 215 км,Мотард,2007,250 куб. см.,4х тактный,Исправен,Есть ПТС,Москва
136,280 000₽,Honda CBR 600RR,49 999 км,Спортивный,2006,600 куб. см.,4х тактный,Исправен,Есть ПТС,Москва
137,265 000₽,Yamaha XVS 400,30 686 км,Чоппер,2007,400 куб. см.,4х тактный,Исправен,Есть ПТС,Москва
138,350 000₽,Yamaha XJ,22 446 км,Спорт-турист,2011,600 куб. см.,4х тактный,Исправен,Есть ПТС,Москва
139,278 000₽,Honda VFR 800,37 480 км,Спорт-турист,2000,800 куб. см.,4х тактный,Исправен,Есть ПТС,Москва
140,495 000₽,Kawasaki Versys 1000,38 214 км,Спорт-турист,2014,1 000 куб. см.,None,Исправен,Есть ПТС,Москва
141,115 000₽,Bajaj,1 км,Классика,2017,150 куб. см.,4х тактный,Исправен,Есть ПТС,Москва
142,420 000₽,Yamaha XT 250,1 650 км,Кроссовый,2013,250 куб. см.,4х тактный,Исправен,Есть ПТС,Москва
143,1 750 000₽,Suzuki Intruder,37 000 км,Чоппер,2009,1 800 куб. см.,4х тактный,Исправен,Есть ПТС,Москва
144,950 000₽,Honda Gold Wing,73 000 км,Круизер,2010,1 800 куб. см.,4х тактный,Исправен,Есть ПТС,Москва
145,210 000₽,Honda CB 400SF Boldor,42 000 км,Спорт-турист,2005,400 куб. см.,4х тактный,Исправен,Есть ПТС,Москва
146,≈ 459 270₽


$7 000					
											по курсу ЦБ РФ от 22 ноября,Suzuki GSX-R 750,5 000 км,Спортивный,2010,750 куб. см.,4х тактный,Исправен,Есть ПТС,Москва
147,≈ 649 539₽


$9 900					
											по курсу ЦБ РФ от 22 ноября,Yamaha YZF R1,3 500 км,Спортивный,2009,1 000 куб. см.,4х тактный,Исправен,Есть ПТС,Москва
148,≈ 295 245₽


$4 500					
											по курсу ЦБ РФ от 22 ноября,Kawasaki Ninja ZX-6R,14 500 км,Спортивный,2008,600 куб. см.,4х тактный,Исправен,Есть ПТС,Москва
149,≈ 360 855₽


$5 500					
											по курсу ЦБ РФ от 22 ноября,Kawasaki Ninja ZX-6R,14 997 км,Спортивный,2007,600 куб. см.,4х тактный,Исправен,Есть ПТС,Москва
150,≈ 649 539₽


$9 900					
											по курсу ЦБ РФ от 22 ноября,Suzuki GSX-R 1000,5 500 км,Спортивный,2012,1 000 куб. см.,4х тактный,Исправен,Есть ПТС,Москва
151,≈ 557 685₽


$8 500					
											по курсу ЦБ РФ от 22 ноября,Kawasaki Ninja ZX-6R,3 000 км,Спортивный,2012,600 куб. см.,4х тактный,Исправен,Есть ПТС,Москва
152,≈ 524 880₽


$8 000					
											по курсу ЦБ РФ от 22 ноября,Kawasaki Ninja ZX-6R,5 000 км,Спортивный,2012,600 куб. см.,4х тактный,Исправен,Есть ПТС,Москва
153,≈ 524 880₽


$8 000					
											по курсу ЦБ РФ от 22 ноября,Kawasaki VN Vulcan 1700,22 000 км,Круизер,2010,1 700 куб. см.,4х тактный,Исправен,Есть ПТС,Москва
154,155 000₽,Kawasaki Ninja 300,1 км,Спортивный,2018,300 куб. см.,4х тактный,Исправен,Есть ПТС,Москва
155,125 000₽,Motoland XR 250,1 км,Кроссовый,2018,250 куб. см.,4х тактный,Исправен,Есть ПТС,Москва
156,120 000₽,Suzuki,1 км,Спортивный,2018,250 куб. см.,4х тактный,Исправен,Есть ПТС,Москва
157,120 000₽,Kawasaki Ninja,1 км,Спортивный,2018,250 куб. см.,4х тактный,Исправен,Есть ПТС,Москва
158,150 000₽,Kawasaki,1 км,Спортивный,2018,300 куб. см.,4х тактный,Исправен,Есть ПТС,Москва
159,145 000₽,Honda CBR,1 км,Спортивный,2018,250 куб. см.,4х тактный,Исправен,Есть ПТС,Москва
160,120 000₽,Kawasaki Ninja 250R,1 км,Спортивный,2018,250 куб. см.,4х тактный,Исправен,Есть ПТС,Москва
161,120 000₽,Kawasaki Ninja,1 км,Спортивный,2018,250 куб. см.,4х тактный,Исправен,Есть ПТС,Москва
162,120 000₽,Kawasaki Ninja 250R,1 км,Спортивный,2018,250 куб. см.,4х тактный,Исправен,Есть ПТС,Москва
163,120 000₽,Kawasaki Ninja 250R,1 км,Спортивный,2018,250 куб. см.,4х тактный,Исправен,Есть ПТС,Москва
164,165 000₽,Yamaha YZF,1 км,Спортивный,2018,250 куб. см.,4х тактный,Исправен,Есть ПТС,Москва
165,165 000₽,Kawasaki 250TR,16 200 км,Классика,2004,250 куб. см.,4х тактный,Исправен,Есть ПТС,Москва
166,310 000₽,Honda Shadow 750,5 915 км,Кастом,2000,750 куб. см.,4х тактный,Исправен,Есть ПТС,Москва
167,550 000₽,Yamaha Stratoliner,49 530 км,Круизер,2008,1 900 куб. см.,4х тактный,Исправен,Есть ПТС,Москва
168,285 000₽,Kawasaki KLX 250S,1 990 км,Эндуро,2015,250 куб. см.,4х тактный,Исправен,Есть ПТС,Москва
169,350 000₽,Honda XRV 750 Africa Twin,21 000 км,Эндуро,2002,750 куб. см.,4х тактный,Исправен,Есть ПТС,Москва
170,65 000₽,Минск д4 125,1 км,Классика,2018,125 куб. см.,4х тактный,Исправен,Есть ПТС,Москва
171,89 900₽,М1nsk Х 250,1 км,Эндуро,2018,225 куб. см.,4х тактный,Исправен,Есть ПТС,Москва
172,≈ 347 733₽


$5 300					
											по курсу ЦБ РФ от 22 ноября,Kawasaki kz 1000 Police p24,30 000 км,Классика,2005,1 000 куб. см.,4х тактный,Исправен,Есть ПТС,Москва
173,65 000₽,Минск D 125,1 км,Классика,2018,122 куб. см.,4х тактный,Исправен,Есть ПТС,Москва
174,410 000₽,Honda CBR 1000RR Fireblade,35 000 км,Спортивный,2008,1 000 куб. см.,4х тактный,Исправен,Есть ПТС,Москва
175,121 000₽,Kawasaki Ninja 250R,1 км,Спортивный,2018,250 куб. см.,4х тактный,Исправен,Есть ПТС,Москва
176,140 000₽,Honda Fouttrax Rancher,1 км,Туристический,2018,250 куб. см.,4х тактный,Исправен,Есть ПТС,Москва
177,420 000₽,Ducati Monster 796,21 000 км,Классика,2013,800 куб. см.,4х тактный,Исправен,Есть ПТС,Москва
178,Цена не указана,Honda CB 750,None,Спортивный,None,750 куб. см.,4х тактный,Исправен,Есть ПТС,Москва
179,400 000₽,KTM 4T-EGS,13 818 км,Классика,2004,630 куб. см.,2х тактный,Исправен,Есть ПТС,Москва
180,175 000₽,Ducati Multistrada 1000 DS,40 840 км,Туристический,2003,1 000 куб. см.,4х тактный,Исправен,Есть ПТС,Москва
181,775 000₽,Harley-Davidson Street Glide,28 901 км,Круизер,2009,1 580 куб. см.,4х тактный,Исправен,Есть ПТС,Москва
182,289 000₽,Honda Shadow Aero,26 207 км,Круизер,2007,750 куб. см.,4х тактный,Исправен,Есть ПТС,Москва
183,248 500₽,Honda Shadow Spirit,19 164 км,Чоппер,1998,1 100 куб. см.,4х тактный,Исправен,Есть ПТС,Москва
184,150 000₽,Yamaha XVS 400,5 677 км,Чоппер,1996,400 куб. см.,4х тактный,Исправен,Есть ПТС,Москва
185,249 000₽,Honda X4,23 211 км,Классика,1998,1 300 куб. см.,4х тактный,Исправен,Есть ПТС,Москва
186,591 000₽,BMW R 1200 RT,20 951 км,Спорт-турист,2009,1 200 куб. см.,4х тактный,Исправен,Есть ПТС,Москва
187,339 000₽,Honda CB 1300,32 807 км,Классика,2003,1 300 куб. см.,4х тактный,Исправен,Есть ПТС,Москва
188,291 500₽,Kawasaki VN Vulcan 1500,34 583 км,Чоппер,1999,1 500 куб. см.,4х тактный,Исправен,Есть ПТС,Москва
189,350 000₽,Harley-Davidson Sportster 1200 Custom XL1200C,24 923 км,Чоппер,2006,1 200 куб. см.,4х тактный,Исправен,Есть ПТС,Москва
190,414 000₽,Honda ST 1300,34 324 км,Спорт-турист,2005,1 300 куб. см.,4х тактный,Исправен,Есть ПТС,Москва
191,446 000₽,FXDWG Dyna Wide Glide,2 054 км,Круизер,2004,1 450 куб. см.,4х тактный,Исправен,Есть ПТС,Москва
192,304 000₽,Honda Shadow 750 Aero,16 663 км,Круизер,2009,750 куб. см.,4х тактный,Исправен,Есть ПТС,Москва
193,255 000₽,Honda Shadow 750 Spirit,10 273 км,Чоппер,2006,750 куб. см.,4х тактный,Исправен,Есть ПТС,Москва
194,366 500₽,Honda VTX 1300R,19 596 км,Круизер,2007,1 300 куб. см.,4х тактный,Исправен,Есть ПТС,Москва
195,343 500₽,Honda VTX 1300S,17 319 км,Круизер,2003,1 300 куб. см.,4х тактный,Исправен,Есть ПТС,Москва
196,329 500₽,Kawasaki VN Vulcan 900 Classic,15 846 км,Круизер,2009,900 куб. см.,4х тактный,Исправен,Есть ПТС,Москва
197,336 500₽,Suzuki Boulevard C50,4 201 км,Чоппер,2008,800 куб. см.,4х тактный,Исправен,Есть ПТС,Москва
198,336 500₽,Suzuki Boulevard M50,10 042 км,Круизер,2009,800 куб. см.,4х тактный,Исправен,Без ПТС,Москва
199,316 500₽,Suzuki Boulevard M50,10 918 км,Чоппер,None,800 куб. см.,4х тактный,Исправен,Есть ПТС,Москва
200,313 500₽,Suzuki VL1500 Intruder,12 928 км,Чоппер,2001,1 500 куб. см.,4х тактный,Исправен,Есть ПТС,Москва
201,237 500₽,Suzuki VS 1400 Intruder,17 832 км,Чоппер,1998,1 400 куб. см.,4х тактный,Исправен,Есть ПТС,Москва
202,535 500₽,Triumph Thunderbird,5 651 км,Чоппер,2010,1 600 куб. см.,4х тактный,Исправен,Есть ПТС,Москва
203,283 000₽,Yamaha XVS 650,15 457 км,Чоппер,2009,650 куб. см.,4х тактный,Исправен,Есть ПТС,Москва
204,262 500₽,Yamaha XVS 650,18 263 км,Чоппер,2008,650 куб. см.,4х тактный,None,Есть ПТС,Москва
205,416 000₽,Yamaha Royal Star Tour Deluxe,13 853 км,Круизер,2005,1 300 куб. см.,4х тактный,Исправен,Есть ПТС,Москва
206,350 500₽,Ducati Monster 696,7 534 км,Классика,2009,696 куб. см.,4х тактный,Исправен,Есть ПТС,Москва
207,413 500₽,Ducati Monster,19 706 км,Классика,2011,796 куб. см.,4х тактный,Исправен,Есть ПТС,Москва
208,345 000₽,Honda NC 700X,18 253 км,Туристический,2012,700 куб. см.,4х тактный,Исправен,Есть ПТС,Москва
209,322 000₽,Kawasaki VN Vulcan 900,24 446 км,Кастом,2007,900 куб. см.,4х тактный,Исправен,Есть ПТС,Москва
210,649 000₽,Harley-Davidson Sportster 1200 Roadster,6 002 км,Кастом,2016,1 200 куб. см.,4х тактный,Неисправен,Есть ПТС,Москва
211,476 500₽,Harley-Davidson Road King Classic FLHRCI,38 285 км,Круизер,2000,1 450 куб. см.,4х тактный,Исправен,Есть ПТС,Москва
212,277 500₽,Yamaha XVS 1100,14 978 км,Чоппер,2000,1 100 куб. см.,4х тактный,Исправен,Есть ПТС,Москва
213,194 000₽,Honda Shadow VLX,14 851 км,Чоппер,2001,600 куб. см.,4х тактный,Исправен,Есть ПТС,Москва
214,837 000₽,Triumph Thunderbird Commander,15 722 км,Круизер,2015,1 700 куб. см.,4х тактный,Исправен,Есть ПТС,Москва
215,309 000₽,Kawasaki Z 1000,20 913 км,Стритфайтер,2003,1 000 куб. см.,4х тактный,Исправен,Есть ПТС,Москва
216,223 000₽,Suzuki VS 800 Intruder,23 061 км,Чоппер,2003,800 куб. см.,4х тактный,Исправен,Есть ПТС,Москва
217,268 500₽,Yamaha XVS 650,8 433 км,Круизер,2006,650 куб. см.,4х тактный,Исправен,Есть ПТС,Москва
218,19 900₽,Motax,1 км,Спортивный,2018,49 куб. см.,2х тактный,Исправен,Без ПТС,Москва
219,89 900₽,Минск х 250,1 км,Эндуро,2018,225 куб. см.,4х тактный,Исправен,Есть ПТС,Москва
220,65 000₽,Минск Д 125,1 км,Классика,2018,125 куб. см.,4х тактный,Исправен,Есть ПТС,Москва
221,310 000₽,Honda Transalp,72 800 км,Туристический,2009,700 куб. см.,4х тактный
				
			
			
?,Исправен,Есть ПТС,Москва
222,270 000₽,Yamaha XVS 400,22 515 км,Чоппер,2008,400 куб. см.,4х тактный,Исправен,Есть ПТС,Москва
223,275 000₽,Honda CBR 600 F,20 995 км,Спортивный,2000,600 куб. см.,4х тактный,Исправен,Есть ПТС,Москва
224,120 000₽,Kawasaki ZZR 250,12 772 км,Спортивный,1996,250 куб. см.,4х тактный,Исправен,Есть ПТС,Москва
225,389 000₽,Honda Gold Wing,150 000 км,Круизер,2000,1 500 куб. см.,4х тактный,Исправен,Есть ПТС,Москва
226,120 000₽,Kawasaki KX 85,200 км,Кроссовый,2010,85 куб. см.,2х тактный,Исправен,Без ПТС,Москва
227,349 000₽,Triumph Speedmaster,25 566 км,Кастом,2006,865 куб. см.,4х тактный,Исправен,Есть ПТС,Москва
228,205 000₽,Honda Shadow 400,22 139 км,Чоппер,2002,400 куб. см.,4х тактный,Исправен,Есть ПТС,Москва
229,518 500₽,Honda VTX 1800,13 531 км,Круизер,2006,1 800 куб. см.,4х тактный,Исправен,Есть ПТС,Москва
230,287 000₽,Honda Shadow Aero,9 806 км,Круизер,2007,750 куб. см.,4х тактный,Исправен,Есть ПТС,Москва
231,359 000₽,Honda Shadow Aero,5 749 км,Круизер,2011,750 куб. см.,4х тактный,Исправен,Есть ПТС,Москва
232,275 000₽,Honda Shadow Spirit,21 196 км,Чоппер,2002,1 100 куб. см.,4х тактный,Исправен,Есть ПТС,Москва
233,339 000₽,Suzuki Boulevard C50,16 413 км,Круизер,2008,800 куб. см.,4х тактный,Исправен,Есть ПТС,Москва
234,279 000₽,Suzuki Boulevard,10 538 км,Кастом,2007,800 куб. см.,4х тактный,Исправен,Есть ПТС,Москва
235,418 500₽,Kawasaki VN Vulcan 1600,7 027 км,Кастом,2008,1 600 куб. см.,4х тактный,Исправен,Есть ПТС,Москва
236,315 000₽,Honda CBR 500R,3 515 км,Спорт-турист,2013,500 куб. см.,4х тактный,Исправен,Есть ПТС,Москва
237,478 500₽,Harley-Davidson Dyna Super Glide Custom FXDC,17 207 км,Кастом,2007,1 500 куб. см.,4х тактный,Исправен,Есть ПТС,Москва
238,356 000₽,Honda VTX 1300S,13 901 км,Круизер,2005,1 300 куб. см.,4х тактный,Исправен,Есть ПТС,Москва
239,279 000₽,Suzuki SFV 650 Gladius,23 161 км,Стритфайтер,2009,650 куб. см.,4х тактный,Исправен,Есть ПТС,Москва
240,419 000₽,Ducati Monster 796,12 032 км,Стритфайтер,2010,796 куб. см.,4х тактный,Исправен,Есть ПТС,Москва
241,319 000₽,Honda Gold Wing,17 448 км,Туристический,1989,1 500 куб. см.,4х тактный,Исправен,Есть ПТС,Москва
242,379 000₽,Kawasaki Z 1000,19 434 км,Стритфайтер,2007,1 000 куб. см.,4х тактный,Исправен,Есть ПТС,Москва
243,139 000₽,Honda Steed 400,18 238 км,Чоппер,1992,400 куб. см.,4х тактный,Исправен,Есть ПТС,Москва
244,225 000₽,Honda Shadow 400,14 028 км,Чоппер,2005,400 куб. см.,4х тактный,Исправен,Есть ПТС,Москва
245,190 000₽,Honda Shadow 400,13 791 км,Чоппер,1998,400 куб. см.,4х тактный,Исправен,Есть ПТС,Москва
246,183 000₽,Yamaha XVS 400,11 610 км,Чоппер,1998,400 куб. см.,4х тактный,Исправен,Есть ПТС,Москва
247,189 000₽,Honda Shadow 400,26 032 км,Чоппер,1998,400 куб. см.,4х тактный,Исправен,Есть ПТС,Москва
248,299 000₽,Suzuki VL1500 Intruder,21 346 км,Чоппер,1998,1 500 куб. см.,4х тактный,Исправен,Есть ПТС,Москва
249,275 000₽,Yamaha XVS 1100,21 118 км,Чоппер,1999,1 100 куб. см.,4х тактный,Исправен,Есть ПТС,Москва
250,209 000₽,Yamaha XVS 400,8 761 км,Чоппер,2004,400 куб. см.,4х тактный,Исправен,Есть ПТС,Москва
251,436 000₽,Harley-Davidson Dyna Super Glide FXD,10 242 км,Круизер,2003,1 450 куб. см.,4х тактный,Исправен,Есть ПТС,Москва
252,402 500₽,Harley-Davidson Dyna Low Rider FXDL,23 254 км,Круизер,1997,1 450 куб. см.,4х тактный,Исправен,Есть ПТС,Москва
253,65 000₽,Yamaha YBR 125,27 000 км,Классика,2012,125 куб. см.,4х тактный,Исправен,Есть ПТС,Москва
254,200 000₽,Yamaha WR 250F,6 000 км,Эндуро,2005,250 куб. см.,4х тактный
				
			
			
?,Исправен,Есть ПТС,Москва
255,210 000₽,Honda CRF 450R,40 км,Кроссовый,2006,450 куб. см.,4х тактный,Исправен,Есть ПТС,Москва
256,235 000₽,Honda X4,46 998 км,Классика,1997,1 300 куб. см.,4х тактный,Исправен,Есть ПТС,Москва
257,329 000₽,Honda VFR 800F,24 118 км,Спорт-турист,2002,800 куб. см.,4х тактный,Исправен,Есть ПТС,Москва
258,175 000₽,Yamaha XVS 400,15 944 км,Чоппер,1999,400 куб. см.,4х тактный,Исправен,Есть ПТС,Москва
259,579 000₽,Harley-Davidson Road King FLHRI,24 540 км,Круизер,2004,1 450 куб. см.,4х тактный,Исправен,Есть ПТС,Москва
260,279 000₽,Yamaha XVS 650,12 373 км,Круизер,2007,650 куб. см.,4х тактный,Исправен,Есть ПТС,Москва
261,429 500₽,Honda NC 750X,15 933 км,Классика,2015,750 куб. см.,4х тактный,Исправен,Есть ПТС,Москва
262,488 500₽,Honda CB 1100,25 883 км,Классика,2011,1 100 куб. см.,4х тактный,Исправен,Есть ПТС,Москва
263,196 000₽,Honda ST 1100,2 551 км,Туристический,1991,1 100 куб. см.,4х тактный,Исправен,Есть ПТС,Москва
264,222 000₽,Ducati Monster S4,18 832 км,Стритфайтер,2001,916 куб. см.,4х тактный,Исправен,Есть ПТС,Москва
265,341 000₽,Ducati Monster 696,15 515 км,Стритфайтер,2008,696 куб. см.,4х тактный,Исправен,Есть ПТС,Москва
266,286 000₽,Buell XB9,25 499 км,Стритфайтер,2009,900 куб. см.,4х тактный,Исправен,Есть ПТС,Москва
267,249 000₽,Suzuki GSF 1200S Bandit,20 921 км,Классика,2005,1 200 куб. см.,4х тактный,Исправен,Без ПТС,Москва
268,159 000₽,Honda Steed 400,32 264 км,Чоппер,2001,400 куб. см.,4х тактный,Исправен,Есть ПТС,Москва
269,319 000₽,Yamaha Diversion,20 188 км,Стритфайтер,2011,600 куб. см.,4х тактный,Исправен,Есть ПТС,Москва
270,282 000₽,Yamaha XVS 1100,15 649 км,Чоппер,2000,1 100 куб. см.,4х тактный,Исправен,Есть ПТС,Москва
271,169 000₽,Honda CB 400SF Version S,16 659 км,Классика,1996,400 куб. см.,4х тактный,Исправен,Есть ПТС,Москва
272,336 500₽,Suzuki Boulevard M50,16 852 км,Чоппер,2007,800 куб. см.,4х тактный,Исправен,Есть ПТС,Москва
273,436 000₽,Yamaha Roadstar Silverado,10 998 км,Круизер,2007,1 700 куб. см.,4х тактный,Исправен,Есть ПТС,Москва
274,883 000₽,Triumph Rocket III,1 км,Круизер,2014,2 300 куб. см.,4х тактный,Исправен,Есть ПТС,Москва
275,515 500₽,Honda VTX 1800,23 812 км,Круизер,2004,1 800 куб. см.,4х тактный,Исправен,Есть ПТС,Москва
276,555 000₽,Suzuki Boulevard M90,6 км,Кастом,2013,1 500 куб. см.,4х тактный,Исправен,Есть ПТС,Москва
277,267 000₽,Kawasaki VN Vulcan 1500 Classic,16 634 км,Чоппер,2000,1 500 куб. см.,4х тактный,Исправен,Есть ПТС,Москва
278,346 000₽,Honda VTX 1300,34 677 км,Чоппер,2006,1 300 куб. см.,4х тактный,Исправен,Есть ПТС,Москва
279,213 000₽,Yamaha XVS 650,25 261 км,Круизер,2001,650 куб. см.,4х тактный,Исправен,Есть ПТС,Москва
280,418 000₽,Yamaha XVS 1300,26 029 км,Круизер,2007,1 300 куб. см.,4х тактный,Исправен,Есть ПТС,Москва
281,531 500₽,Suzuki Boulevard C109R,24 629 км,Круизер,2008,1 800 куб. см.,4х тактный,Исправен,Есть ПТС,Москва
282,249 000₽,Honda CB 1300,35 843 км,Классика,2001,1 300 куб. см.,4х тактный,Исправен,Есть ПТС,Москва
283,319 000₽,Honda Gold Wing,12 951 км,Туристический,1988,1 500 куб. см.,4х тактный,Исправен,Есть ПТС,Москва
284,283 000₽,Suzuki Boulevard s50,12 581 км,Чоппер,2008,800 куб. см.,4х тактный,Исправен,Есть ПТС,Москва
285,525 500₽,Suzuki Boulevard M109R,21 608 км,Чоппер,2007,1 800 куб. см.,4х тактный,Исправен,Есть ПТС,Москва
286,555 000₽,Harley-Davidson Heritage Softail Classic FLSTCI,15 902 км,Круизер,2004,1 450 куб. см.,4х тактный,Исправен,Есть ПТС,Москва
287,329 000₽,Harley-Davidson Sportster 883 Custom XL883C,21 974 км,Чоппер,2008,883 куб. см.,4х тактный,Исправен,Есть ПТС,Москва
288,193 500₽,Honda VTR 1000F,24 136 км,Спорт-турист,1999,1 000 куб. см.,4х тактный,Исправен,Есть ПТС,Москва
289,329 000₽,Suzuki V-Strom 650,20 191 км,Эндуро,2006,650 куб. см.,4х тактный,Исправен,Есть ПТС,Москва
290,329 000₽,Yamaha XJ 600 S Diversion,27 953 км,Стритфайтер,2009,600 куб. см.,4х тактный,Исправен,Есть ПТС,Москва
291,224 000₽,Honda VFR 800F,24 037 км,Спорт-турист,1998,800 куб. см.,4х тактный,Исправен,Есть ПТС,Москва
292,538 999₽,Yamaha Roadstar 1700,5 827 км,Круизер,2012,1 700 куб. см.,4х тактный,Исправен,Есть ПТС,Москва
293,332 000₽,Yamaha XVS 1100,18 887 км,Кастом,2006,1 100 куб. см.,4х тактный,Исправен,Есть ПТС,Москва
294,183 000₽,Yamaha XVS 400,13 765 км,Круизер,1998,400 куб. см.,4х тактный,Исправен,Есть ПТС,Москва
295,182 000₽,Yamaha SR400,15 796 км,Классика,2005,400 куб. см.,4х тактный,Исправен,Есть ПТС,Москва
296,183 000₽,Yamaha XVS 400,15 748 км,Круизер,1999,400 куб. см.,4х тактный,Исправен,Есть ПТС,Москва
297,827 000₽,Harley-Davidson Road King FLHR,9 475 км,Круизер,2010,1 580 куб. см.,4х тактный,Исправен,Есть ПТС,Москва
298,837 000₽,Harley-Davidson Electra Glide Classic FLHTC,28 127 км,Круизер,2009,1 580 куб. см.,4х тактный,Исправен,Есть ПТС,Москва
299,611 000₽,Harley-Davidson Fat Boy FLSTF,10 936 км,Круизер,2004,1 450 куб. см.,4х тактный,Исправен,Есть ПТС,Москва
300,725 000₽,Harley-Davidson Road King Classic FLHRC,8 609 км,Круизер,2007,1 580 куб. см.,4х тактный,Исправен,Есть ПТС,Москва
301,375 000₽,Honda VTX 1300R,11 195 км,Круизер,2007,1 300 куб. см.,4х тактный,Исправен,Есть ПТС,Москва
302,556 000₽,BMW K 1200 LT,22 203 км,Спорт-турист,2006,1 200 куб. см.,4х тактный,Исправен,Есть ПТС,Москва
303,289 000₽,Suzuki Boulevard C50,10 336 км,Чоппер,2005,800 куб. см.,4х тактный,Исправен,Есть ПТС,Москва
304,565 000₽,Yamaha Stratoliner,12 214 км,Круизер,2008,1 900 куб. см.,4х тактный,Исправен,Есть ПТС,Москва
305,315 000₽,Yamaha XVS 1100,15 732 км,Круизер,2004,1 100 куб. см.,4х тактный,Исправен,Есть ПТС,Москва
306,393 000₽,Yamaha XVS 950,6 054 км,Круизер,2010,950 куб. см.,4х тактный,Исправен,Есть ПТС,Москва
307,530 000₽,Yamaha Royal Star Venture,31 149 км,Круизер,2007,1 300 куб. см.,4х тактный,Исправен,Есть ПТС,Москва
308,449 000₽,Yamaha YZF R6,14 647 км,Спортивный,2008,600 куб. см.,4х тактный,Исправен,Есть ПТС,Москва
309,414 000₽,Yamaha YZF R6,2 823 км,Спортивный,2006,600 куб. см.,4х тактный,Исправен,Есть ПТС,Москва
310,729 000₽,Harley-Davidson Road King FLHR,11 310 км,Круизер,2008,1 580 куб. см.,4х тактный,Исправен,Есть ПТС,Москва
311,579 000₽,Harley-Davidson Heritage Softail FLST,21 898 км,Круизер,2006,1 450 куб. см.,4х тактный,Исправен,Есть ПТС,Москва
312,529 000₽,Triumph Tiger,2 673 км,Эндуро,2012,800 куб. см.,4х тактный,Исправен,Есть ПТС,Москва
313,539 000₽,Triumph Bonneville,3 815 км,Классика,2014,865 куб. см.,4х тактный,Исправен,Есть ПТС,Москва
314,773 500₽,Harley-Davidson Street Glide,14 622 км,Круизер,2008,1 580 куб. см.,4х тактный,Исправен,Есть ПТС,Москва
315,571 000₽,Harley-Davidson Electra Glide Ultra Classic FLHTCUI,21 888 км,Круизер,2002,1 450 куб. см.,4х тактный,Исправен,Есть ПТС,Москва
316,319 000₽,Harley-Davidson Sportster 883 XL883,9 960 км,Кастом,2006,883 куб. см.,4х тактный,Исправен,Есть ПТС,Москва
317,429 000₽,Suzuki V-Strom DL650A,5 482 км,Туристический,2013,650 куб. см.,4х тактный,Исправен,Есть ПТС,Москва
318,419 000₽,Suzuki V-Strom DL650A,8 594 км,Туристический,2013,650 куб. см.,4х тактный,Исправен,Есть ПТС,Москва
319,319 000₽,Honda Shadow 1100,17 451 км,Круизер,2004,1 100 куб. см.,4х тактный,Исправен,Есть ПТС,Москва
320,449 000₽,Honda VTX 1800,13 098 км,Чоппер,2005,1 800 куб. см.,4х тактный,Исправен,Есть ПТС,Москва
321,315 000₽,BMW R 1150 RT,18 818 км,Туристический,2002,1 150 куб. см.,4х тактный,Исправен,Есть ПТС,Москва
322,215 000₽,Honda Shadow 400,30 254 км,Чоппер,2005,400 куб. см.,4х тактный,Исправен,Есть ПТС,Москва
323,305 000₽,Honda XL 1000V Varadero,17 856 км,Туристический,2002,1 000 куб. см.,4х тактный,Исправен,Есть ПТС,Москва
324,379 000₽,Honda DN-01,17 822 км,Туристический,2010,700 куб. см.,4х тактный,Исправен,Есть ПТС,Москва
325,255 000₽,BMW R 1100 RT,26 608 км,Спорт-турист,1997,11 000 куб. см.,4х тактный,Исправен,Есть ПТС,Москва
326,329 000₽,Honda Shadow 750,25 075 км,Круизер,2010,750 куб. см.,4х тактный,Исправен,Есть ПТС,Москва
327,389 000₽,Kawasaki W800,23 001 км,Классика,2011,800 куб. см.,4х тактный,Исправен,Есть ПТС,Москва
328,325 000₽,Suzuki Boulevard C50,4 287 км,Круизер,2008,800 куб. см.,4х тактный,Исправен,Есть ПТС,Москва
329,459 000₽,Yamaha XVS 950 Bolt,11 518 км,Кастом,2014,950 куб. см.,4х тактный,Исправен,Есть ПТС,Москва
330,579 000₽,Yamaha Stryker,7 146 км,Кастом,2012,1 300 куб. см.,4х тактный,Исправен,Есть ПТС,Москва
331,249 000₽,Kawasaki Ninja 650R,17 022 км,Классика,2006,650 куб. см.,4х тактный,Исправен,Есть ПТС,Москва
332,419 000₽,Suzuki GSR 750A,21 247 км,Стритфайтер,2014,750 куб. см.,None,Исправен,Есть ПТС,Москва
333,399 000₽,Yamaha XVS 950,6 068 км,Кастом,2012,950 куб. см.,4х тактный,Исправен,Есть ПТС,Москва
334,498 000₽,Yamaha XVS 1300,8 496 км,Круизер,2012,1 294 куб. см.,4х тактный,Исправен,Есть ПТС,Москва
335,299 000₽,Kawasaki KLE 650,17 373 км,Эндуро,2009,650 куб. см.,4х тактный,Исправен,Есть ПТС,Москва
336,579 000₽,Yamaha Stryker,15 360 км,Кастом,2011,1 300 куб. см.,4х тактный,Исправен,Есть ПТС,Москва
337,299 000₽,Honda Shadow Spirit,17 816 км,Кастом,2007,1 100 куб. см.,4х тактный,Исправен,Есть ПТС,Москва
338,319 000₽,Suzuki Boulevard C50,12 596 км,Круизер,2006,800 куб. см.,4х тактный,Исправен,Есть ПТС,Москва
339,571 000₽,Yamaha Stryker,11 287 км,Кастом,2011,1 300 куб. см.,4х тактный,Исправен,Есть ПТС,Москва
340,140 000₽,Suzuki GSX 750F Katana,23 000 км,Классика,1997,400 куб. см.,4х тактный,Исправен,Есть ПТС,Москва
341,35 000₽,Ява 350-638,77 км,Классика,1992,350 куб. см.,2х тактный,Исправен,Без ПТС,Москва
342,425 000₽,KTM 990 SM T,65 000 км,Классика,2009,998 куб. см.,4х тактный,Исправен,Есть ПТС,Москва
343,257 000₽,Suzuki Boulevard,8 406 км,Чоппер,2006,800 куб. см.,4х тактный,Исправен,Есть ПТС,Москва
344,515 000₽,Kawasaki Versys 1000,36 223 км,Туристический,2012,1 000 куб. см.,4х тактный,Исправен,Есть ПТС,Москва
345,589 000₽,Suzuki,21 315 км,Круизер,2012,1 500 куб. см.,4х тактный,Исправен,Есть ПТС,Москва
346,49 000₽,Kawasaki ZZR 400 2,33 000 км,Спорт-турист,1996,400 куб. см.,4х тактный
				
			
			
?,Исправен,Есть ПТС,Москва
347,100 000₽,BSE J1 limited edition 2018,1 км,Кроссовый,None,250 куб. см.,4х тактный,Исправен,Без ПТС,Москва
348,310 000₽,Yamaha YZF R3,4 906 км,Спортивный,2015,320 куб. см.,4х тактный,Исправен,Есть ПТС,Москва
349,377 000₽,Kawasaki Z 800,8 672 км,Классика,2013,800 куб. см.,4х тактный,Исправен,Без ПТС,Москва
350,300 000₽,Yamaha XVS 950,45 000 км,Круизер,2009,950 куб. см.,4х тактный,Исправен,Есть ПТС,Москва
351,160 000₽,Honda Steed 600,35 000 км,Чоппер,1992,600 куб. см.,4х тактный,Исправен,Есть ПТС,Москва
352,460 000₽,Honda,36 480 км,Туристический,2003,1 297 куб. см.,4х тактный,Исправен,Есть ПТС,Москва
353,575 000₽,Yamaha XT 1200ZE Super Tenere,90 258 км,Эндуро,2011,1 200 куб. см.,4х тактный,Исправен,Есть ПТС,Москва
354,320 000₽,Suzuki V-Strom 1000,39 800 км,Туристический,2007,1 000 куб. см.,4х тактный,Исправен,Есть ПТС,Москва
355,260 000₽,Kawasaki Ninja ZX-750 F2 1988 Special Edition,38 000 км,Стритфайтер,2012,750 куб. см.,4х тактный,Исправен,Есть ПТС,Москва
356,315 000₽,Honda Shadow 1100,16 005 км,Чоппер,2004,400 куб. см.,4х тактный,Исправен,Есть ПТС,Москва
357,350 000₽,Harley-Davidson Sportster 1200 Custom XL1200C,29 762 км,Чоппер,2006,1 200 куб. см.,4х тактный,Исправен,Есть ПТС,Москва
358,275 000₽,Suzuki Boulevard,7 371 км,Чоппер,2008,800 куб. см.,4х тактный,Исправен,Есть ПТС,Москва
359,255 000₽,Honda CB 400SS,16 392 км,Кастом,2002,400 куб. см.,4х тактный,Исправен,Есть ПТС,Москва
360,216 000₽,Suzuki GSF 1200S Bandit,21 479 км,Классика,2000,1 200 куб. см.,4х тактный,Исправен,Есть ПТС,Москва
361,235 000₽,Kawasaki Ninja ZX-9R,22 059 км,Спортивный,1999,900 куб. см.,4х тактный,Исправен,Есть ПТС,Москва
362,450 720₽,Ducati Multistrada,30 000 км,Туристический,2010,1 200 куб. см.,4х тактный,Исправен,Есть ПТС,Москва
363,550 000₽,Honda CBR 1000RR Fireblade,25 000 км,Спортивный,2010,1 000 куб. см.,4х тактный,Исправен,Есть ПТС,Москва
364,800 000₽,Honda GL 1800 Gold Wing,2 750 км,Круизер,2007,1 800 куб. см.,4х тактный,Исправен,Есть ПТС,Москва
365,Цена не указана,Yamaha TZR 250,18 000 км,Спортивный,None,250 куб. см.,2х тактный,Неисправен,Без ПТС,Москва
366,184 000₽,Honda CB 1000,22 171 км,Классика,1994,1 000 куб. см.,4х тактный,Исправен,Есть ПТС,Москва
367,165 000₽,Kawasaki KLX 250,3 000 км,Эндуро,1996,250 куб. см.,4х тактный,Исправен,Есть ПТС,Москва
368,959 900₽,KTM 500 EXC-F Six Days,1 км,Эндуро,2018,500 куб. см.,4х тактный,Исправен,Есть ПТС,Москва
369,319 900₽,KTM RC 390,1 км,Спортивный,2018,390 куб. см.,None,Исправен,Есть ПТС,Москва
370,219 900₽,KTM 200 Duke,1 км,Стритфайтер,2018,200 куб. см.,4х тактный,Исправен,Есть ПТС,Москва
371,409 900₽,KTM 390 Duke,1 км,Стритфайтер,2018,390 куб. см.,4х тактный,Исправен,Есть ПТС,Москва
372,1 399 900₽,KTM 1290 Super Adventure R,1 км,Туристический,2018,1 290 куб. см.,4х тактный,Исправен,Есть ПТС,Москва
373,769 900₽,KTM 250 EXC Six Days,1 км,Эндуро,2018,250 куб. см.,2х тактный,Исправен,Есть ПТС,Москва
374,719 900₽,KTM 250 EXC TPI,1 км,Эндуро,2018,250 куб. см.,2х тактный,Исправен,Есть ПТС,Москва
375,889 900₽,KTM 500 EXC-F,1 км,Эндуро,2018,500 куб. см.,4х тактный,Исправен,Есть ПТС,Москва
376,575 000₽,Honda VFR 800F,19 793 км,Спорт-турист,2014,800 куб. см.,4х тактный,Исправен,Есть ПТС,Москва
377,90 000₽,Baltmotors Motard 250,5 000 км,Мотард,2013,250 куб. см.,4х тактный,Исправен,Есть ПТС,Москва
378,300 000₽,Yamaha YZF R6,35 000 км,Спортивный,2006,600 куб. см.,4х тактный,Исправен,Есть ПТС,Москва
379,125 000₽,Honda CB 400SF,34 000 км,Классика,1997,400 куб. см.,4х тактный,Исправен,Есть ПТС,Москва
380,39 000₽,Stels Flame 200,30 000 км,Классика,2012,200 куб. см.,2х тактный,Исправен,Есть ПТС,Москва
381,420 000₽,Honda CBR 1000RR Fireblade,41 000 км,Спортивный,2008,1 000 куб. см.,4х тактный,Исправен,Есть ПТС,Москва
382,550 000₽,Yamaha MT-09,15 000 км,Спорт-турист,2015,847 куб. см.,4х тактный,Исправен,Есть ПТС,Москва
383,100 000₽,Suzuki RF 400RV,40 000 км,Спорт-турист,1995,400 куб. см.,4х тактный,Исправен,Есть ПТС,Москва
384,305 000₽,KTM 250 EXC-F,184 км,Эндуро,2012,250 куб. см.,4х тактный,Исправен,Без ПТС,Москва
385,585 000₽,Yamaha XVS 1300,14 868 км,Круизер,2013,1 300 куб. см.,4х тактный,Исправен,Есть ПТС,Москва
386,125 000₽,Suzuki SV 400,26 500 км,Спортивный,2001,400 куб. см.,4х тактный,Исправен,Есть ПТС,Москва
387,Цена не указана,Ducati 900SS,30 380 км,Спортивный,2000,900 куб. см.,4х тактный,Исправен,Есть ПТС,Москва
388,235 000₽,Yamaha FZS 1000,65 000 км,Спорт-турист,2005,1 000 куб. см.,4х тактный,Исправен,Есть ПТС,Москва
389,522 000₽,Honda VTX 1800,3 787 км,Чоппер,2007,1 800 куб. см.,4х тактный,Исправен,Есть ПТС,Москва
390,340 000₽,Honda XR 650R,11 000 км,Эндуро,2007,650 куб. см.,4х тактный,Исправен,Есть ПТС,Москва
391,290 000₽,BMW R 1150 RT,45 000 км,Туристический,2001,1 150 куб. см.,4х тактный,Исправен,Есть ПТС,Москва
392,169 000₽,Yamaha XVS 400,35 792 км,Чоппер,2001,400 куб. см.,4х тактный,Исправен,Есть ПТС,Москва
393,114 600₽,E-moto,None,None,None,None,None,None,None,Москва
394,540 000₽,Kawasaki Ninja ZX-10R,12 700 км,None,2009,1 000 куб. см.,None,Исправен,Есть ПТС,Москва
395,800 000₽,BMW R 100 RS,16 000 км,None,1989,979 куб. см.,None,Исправен,Есть ПТС,Москва
396,230 000₽,Honda CBF 600,26 076 км,None,2005,599 куб. см.,None,Исправен,Есть ПТС,Москва
397,340 000₽,Yamaha XJR 1300,30 521 км,None,2007,1 251 куб. см.,None,Исправен,Есть ПТС,Москва
398,345 000₽,Yamaha FZ 6,9 017 км,None,2014,599 куб. см.,None,Исправен,Есть ПТС,Москва
399,320 000₽,XV950 BOLT 2014 г.,None,None,2014,950 куб. см.,None,Исправен,Есть ПТС,Москва
400,530 000₽,Kawasaki Ninja ZX-14R,9 900 км,None,2010,1 352 куб. см.,None,Исправен,Есть ПТС,Москва
401,300 000₽,Suzuki Boulevard C90,None,None,2007,1 500 куб. см.,None,Исправен,Есть ПТС,Москва
402,450 000₽,Yamaha Royal Star Venture,65 000 км,None,2002,1 294 куб. см.,None,Исправен,Есть ПТС,Москва
403,605 000₽,Suzuki GSX-R 750,31 000 км,None,2013,750 куб. см.,None,Исправен,Есть ПТС,Москва
404,500 000₽,Suzuki V-Strom 1000,55 000 км,None,2015,1 031 куб. см.,None,Исправен,Есть ПТС,Москва
405,485 000₽,Suzuki Boulevard C90,53 000 км,None,2013,1 500 куб. см.,None,Исправен,Есть ПТС,Москва
406,370 000₽,Honda CB 1300 Boldor,27 000 км,None,2009,1 298 куб. см.,None,Исправен,Есть ПТС,Москва
407,360 000₽,Ducati Monster 796,38 000 км,None,2011,803 куб. см.,None,Исправен,Есть ПТС,Москва
408,450 000₽,Ducati Monster 796,7 000 км,None,2014,803 куб. см.,None,Исправен,Есть ПТС,Москва
409,280 000₽,Kawasaki VN Vulcan 1500 Classic,None,None,2006,1 500 куб. см.,None,Исправен,Есть ПТС,Москва
410,370 000₽,Yamaha YZF R1,None,None,2009,998 куб. см.,None,Исправен,Есть ПТС,Москва
411,365 000₽,Suzuki V-Strom 650,51 000 км,None,2012,650 куб. см.,None,Исправен,Есть ПТС,Москва
412,395 000₽,Honda CB 1300 Boldor,61 000 км,None,2009,1 298 куб. см.,None,Исправен,Есть ПТС,Москва
413,365 000₽,Yamaha FZ 08,10 000 км,None,2011,800 куб. см.,None,Исправен,Есть ПТС,Москва
414,305 000₽,Honda CB 1300 Boldor,114 000 км,None,2006,1 298 куб. см.,None,Исправен,Есть ПТС,Москва
415,395 000₽,Yamaha FZ 1,17 000 км,None,2008,1 000 куб. см.,None,Исправен,Есть ПТС,Москва
416,460 000₽,Kawasaki 1400GTR,None,None,2012,1 352 куб. см.,None,Исправен,Есть ПТС,Москва
417,395 000₽,Yamaha FZ 1,9 145 км,None,2010,1 000 куб. см.,None,Исправен,Есть ПТС,Москва
418,365 000₽,Yamaha FZ 1,44 299 км,None,2009,1 000 куб. см.,None,Исправен,Есть ПТС,Москва
419,365 000₽,Yamaha FZ 1,31 974 км,None,2009,1 000 куб. см.,None,Исправен,Есть ПТС,Москва
420,850 000₽,SR ZF12.5 2015 г.,3 200 км,None,2015,None,None,Исправен,Есть ПТС,Москва
421,365 000₽,Yamaha FZ 6,22 000 км,None,2014,599 куб. см.,None,Исправен,Есть ПТС,Москва
422,290 000₽,Yamaha FZ 6,22 000 км,None,2012,600 куб. см.,None,Исправен,Есть ПТС,Москва
423,515 000₽,Harley-Davidson Fat Boy FLSTF,85 км,None,2009,1 600 куб. см.,None,Исправен,Есть ПТС,Москва
424,665 000₽,Harley-Davidson Road Glide Ultra FLTRU,135 км,None,2011,1 600 куб. см.,None,Исправен,Есть ПТС,Москва
425,255 000₽,BMW F 800 S,18 374 км,None,2008,800 куб. см.,None,Исправен,Есть ПТС,Москва
426,455 000₽,BMW R 1200 RT,51 000 км,None,2012,1 200 куб. см.,None,Исправен,Есть ПТС,Москва
427,395 000₽,BMW K 1200 GT,None,None,2007,1 200 куб. см.,None,Исправен,Есть ПТС,Москва
428,560 000₽,Suzuki V-Strom 1000,11 000 км,None,2014,1 037 куб. см.,None,Исправен,Есть ПТС,Москва
429,385 000₽,Suzuki GSR 750,40 000 км,None,2012,750 куб. см.,None,Исправен,Есть ПТС,Москва
430,380 000₽,Suzuki V-Strom 650,18 000 км,None,2012,650 куб. см.,None,Исправен,Есть ПТС,Москва
431,445 000₽,Kawasaki Ninja ZX-14R,None,None,2013,1 352 куб. см.,None,Исправен,Есть ПТС,Москва
432,385 000₽,Honda Silver Wing,5 000 км,None,2013,600 куб. см.,None,Исправен,Есть ПТС,Москва
433,445 000₽,Yamaha FZ 1,6 500 км,None,2013,1 000 куб. см.,None,Исправен,Есть ПТС,Москва
434,80 000₽,Honda,1 500 км,None,1993,125 куб. см.,None,Исправен,Есть ПТС,Москва
435,145 000₽,Suzuki SV 400,None,None,2005,400 куб. см.,None,Исправен,Есть ПТС,Москва
436,340 000₽,Honda NC 700X,11 000 км,None,2013,700 куб. см.,None,Исправен,Есть ПТС,Москва
437,395 000₽,Honda CB 1300 Boldor,18 000 км,None,2007,1 300 куб. см.,None,Исправен,Есть ПТС,Москва
438,480 000₽,Honda CB 1300 Boldor,20 000 км,None,2010,1 300 куб. см.,None,Исправен,Есть ПТС,Москва
439,760 000₽,Honda CRF1000L Africa Twin,19 000 км,None,2016,1 000 куб. см.,None,Исправен,Есть ПТС,Москва
440,120 000₽,Honda VFR 400,2 700 км,None,1990,400 куб. см.,None,Исправен,Есть ПТС,Москва
441,120 000₽,Honda CBX750,1 500 км,None,1990,747 куб. см.,None,Исправен,Есть ПТС,Москва
442,390 000₽,Kawasaki Ninja,71 000 км,None,2011,1 000 куб. см.,None,Исправен,Есть ПТС,Москва
443,300 000₽,Honda VFR 800F,22 367 км,None,2006,782 куб. см.,None,Исправен,Есть ПТС,Москва
444,1 100 000₽,Harley-Davidson V-Rod Muscle VRSCF,317 км,None,2015,1 250 куб. см.,None,Исправен,Есть ПТС,Москва
445,750 000₽,Kawasaki VN Vulcan 1700 Vaquero,2 615 км,None,2016,1 700 куб. см.,None,Исправен,Есть ПТС,Москва
446,280 000₽,Honda VT 750,23 км,None,2009,745 куб. см.,None,Исправен,Есть ПТС,Москва
447,320 000₽,SL 750 Shiver 2011 г.,29 110 км,None,2011,749 куб. см.,None,Исправен,Есть ПТС,Москва
448,350 000₽,Honda VTX 1300,43 024 км,None,2004,1 312 куб. см.,None,Исправен,Есть ПТС,Москва
449,245 000₽,Honda Shadow 400,15 750 км,None,2008,400 куб. см.,None,Исправен,Есть ПТС,Москва
450,645 000₽,Suzuki GSX S1000F,28 124 км,None,2016,999 куб. см.,None,Исправен,Есть ПТС,Москва
451,980 000₽,Indian Chief,17 834 км,None,2016,1 811 куб. см.,None,Исправен,Есть ПТС,Москва
452,245 000₽,Victory,57 км,None,2000,1 500 куб. см.,None,Исправен,Есть ПТС,Москва
453,940 000₽,Harley-Davidson Road King,28 871 км,None,2016,1 688 куб. см.,None,Исправен,Есть ПТС,Москва
454,410 000₽,BMW F 700 GS,28 505 км,None,2012,798 куб. см.,None,Исправен,Есть ПТС,Москва
455,100 000₽,Kawasaki ZZR 400,None,None,None,None,None,None,None,Москва
456,309 000₽,Honda RVT 1000,None,None,None,None,None,None,None,Москва
457,550 000₽,BMW K 1200 S,None,None,None,None,None,None,None,Москва
458,385 000₽,BMW K 1200 R,None,None,None,None,None,None,None,Москва
459,449 000₽,Yamaha Stratoliner,None,None,None,None,None,None,None,Москва
460,459 000₽,Yamaha XVZ 1300,None,None,None,None,None,None,None,Москва
461,399 000₽,Yamaha FZ 1,None,None,None,None,None,None,None,Москва
462,450 000₽,BMW K 1200 LT,None,None,None,None,None,None,None,Москва
463,430 000₽,None,None,None,None,None,None,None,None,Москва
464,384 000₽,Yamaha XVS 950 Bolt,None,None,None,None,None,None,None,Москва
465,449 000₽,BMW R 1200 RT,None,None,None,None,None,None,None,Москва
466,639 000₽,BMW K 1300 S,None,None,None,None,None,None,None,Москва
467,300 000₽,Honda VTX 1800,None,None,None,None,None,None,None,Москва
468,380 000₽,Harley-Davidson Sportster 1200 Low XL1200L,None,None,None,None,None,None,None,Москва
469,250 000₽,BMW R 1150 RT,None,None,None,None,None,None,None,Москва
470,709 000₽,Harley-Davidson Fat Boy,None,None,None,None,None,None,None,Москва
471,419 000₽,None,None,None,None,None,None,None,None,Москва
472,330 000₽,Yamaha XVS 1100,None,None,None,None,None,None,None,Москва
473,430 000₽,Yamaha Royal Star Tour Deluxe,None,None,None,None,None,None,None,Москва
474,400 000₽,Kawasaki VN Vulcan,None,None,None,None,None,None,None,Москва
475,400 000₽,Yamaha Roadstar 1700,None,None,None,None,None,None,None,Москва
476,750 000₽,Ducati Monster 1200,None,None,None,None,None,None,None,Москва
477,430 000₽,Honda GL 1800,None,None,None,None,None,None,None,Москва
478,380 000₽,Honda CBF 600,None,None,None,None,None,None,None,Москва
479,550 000₽,Yamaha XVS 1300,None,None,None,None,None,None,None,Москва
480,519 000₽,Harley-Davidson Electra Glide Ultra Classic FLHTCU,None,None,None,None,None,None,None,Москва
481,360 000₽,Triumph,None,None,None,None,None,None,None,Москва
482,400 000₽,Yamaha XVS 950 Bolt,None,None,None,None,None,None,None,Москва
483,440 000₽,Suzuki GSX-R 600,None,None,None,None,None,None,None,Москва
484,495 000₽,Harley-Davidson Sportster 1200,None,None,None,None,None,None,None,Москва
485,499 000₽,Kawasaki Concours,None,None,None,None,None,None,None,Москва
486,400 000₽,Harley-Davidson Fat Boy FLSTF,None,None,None,None,None,None,None,Москва
487,365 000₽,Yamaha FJR 1300,None,None,None,None,None,None,None,Москва
488,230 000₽,Kawasaki ER-6F,None,None,None,None,None,None,None,Москва
489,550 000₽,Harley-Davidson Electra Glide Ultra Classic FLHTCUI,None,None,None,None,None,None,None,Москва
490,600 000₽,Harley-Davidson Electra Glide Ultra Classic FLHTCU,None,None,None,None,None,None,None,Москва
491,210 000₽,Honda,None,None,None,None,None,None,None,Москва
492,370 000₽,Harley-Davidson Road Glide FLTRI,None,None,None,None,None,None,None,Москва
493,420 000₽,None,None,None,None,None,None,None,None,Москва
494,380 000₽,Yamaha FZ 09,None,None,None,None,None,None,None,Москва
495,450 000₽,Honda CBR 600RR,None,None,None,None,None,None,None,Москва
496,200 000₽,Yamaha XVS 650,None,None,None,None,None,None,None,Москва
497,550 000₽,Moto Guzzi,None,None,None,None,None,None,None,Москва
498,220 000₽,Suzuki VS 1400 Intruder,None,None,None,None,None,None,None,Москва
499,200 000₽,Honda Shadow,None,None,None,None,None,None,None,Москва
500,315 000₽,Ducati Multistrada 1100,None,None,None,None,None,None,None,Москва
501,499 000₽,Harley-Davidson Dyna Street Bob,25 849 км,None,2013,None,None,Исправен,Есть ПТС,Москва
502,490 000₽,Kawasaki 1400GTR,None,None,2013,1 352 куб. см.,None,Исправен,Есть ПТС,Москва
503,380 000₽,Honda VFR 800F,2 500 км,None,2014,800 куб. см.,None,Исправен,Есть ПТС,Москва
504,445 000₽,Harley-Davidson Sportster Superlow XL883L,4 800 км,None,2013,883 куб. см.,None,Исправен,Есть ПТС,Москва
505,385 000₽,Harley-Davidson Sportster Superlow XL883L,9 300 км,None,2013,883 куб. см.,None,Исправен,Есть ПТС,Москва
506,555 000₽,Kawasaki VN Vulcan 1700 Voyager,35 000 км,None,2011,1 700 куб. см.,None,Исправен,Есть ПТС,Москва
507,445 000₽,Harley-Davidson Sportster Iron 883 XL883N,13 000 км,None,2014,883 куб. см.,None,Исправен,Есть ПТС,Москва
508,229 000₽,Honda Shadow,None,None,2009,750 куб. см.,None,Исправен,Есть ПТС,Москва
509,380 000₽,Suzuki GSX-R 750,22 000 км,None,2012,750 куб. см.,None,Исправен,Есть ПТС,Москва
510,350 000₽,Honda VT 1300CX Fury,None,None,2010,1 300 куб. см.,None,Исправен,Есть ПТС,Москва
511,499 000₽,Honda GL 1800 Gold Wing,63 000 км,None,2010,1 800 куб. см.,None,Исправен,Есть ПТС,Москва
512,510 000₽,Harley-Davidson Electra Glide Ultra Limited FLHTK,None,None,2013,1 700 куб. см.,None,Исправен,Есть ПТС,Москва
513,320 000₽,Harley-Davidson Electra Glide Classic,88 000 км,None,2002,1 450 куб. см.,None,Исправен,Есть ПТС,Москва
514,275 000₽,Harley-Davidson Dyna Super Glide Sport FXDX,27 000 км,None,1999,1 450 куб. см.,None,Исправен,Есть ПТС,Москва
515,520 000₽,Kawasaki Versys 1000,47 000 км,None,2016,1 000 куб. см.,None,Исправен,Есть ПТС,Москва
516,355 000₽,XVS 950 V-STAR 2012 г.,13 000 км,None,2012,950 куб. см.,None,Исправен,Есть ПТС,Москва
517,350 000₽,XV950 BOLT 2015 г.,600 км,None,2015,950 куб. см.,None,Исправен,Есть ПТС,Москва
518,750 000₽,Indian Chieftain,7 000 км,None,2014,1 800 куб. см.,None,Исправен,Есть ПТС,Москва
519,460 000₽,Honda CRF1000L Africa Twin,20 000 км,None,2016,1 000 куб. см.,None,Исправен,Есть ПТС,Москва
520,420 000₽,Harley-Davidson Electra Glide Standart FLHT,43 000 км,None,2008,1 600 куб. см.,None,Исправен,Есть ПТС,Москва
521,520 000₽,Harley-Davidson Electra Glide Ultra Limited FLHTK,51 000 км,None,2011,1 700 куб. см.,None,Исправен,Есть ПТС,Москва
522,600 000₽,Victory Magnum,18 000 км,None,2015,1 700 куб. см.,None,Исправен,Есть ПТС,Москва
523,400 000₽,Triumph Thunderbird LT,17 000 км,None,2015,1 700 куб. см.,None,Исправен,Есть ПТС,Москва
524,330 000₽,Suzuki GSF 1250S Bandit,4 852 км,None,2009,1 255 куб. см.,None,Исправен,Есть ПТС,Москва
525,375 000₽,Honda CB 1300 Boldor,22 000 км,None,2008,1 298 куб. см.,None,Исправен,Есть ПТС,Москва
526,760 000₽,Honda CRF1000L Africa Twin,16 000 км,None,2016,1 000 куб. см.,None,Исправен,Есть ПТС,Москва
527,600 000₽,Harley-Davidson Electra Glide Ultra Classic FLHTCU,30 000 км,None,2012,1 690 куб. см.,None,Исправен,Есть ПТС,Москва
528,410 000₽,CALIFORNIA 1400 2014 г.,None,None,2014,1 380 куб. см.,None,Исправен,Есть ПТС,Москва
529,350 000₽,XV950 BOLT 2016 г.,2 590 км,None,2016,950 куб. см.,None,Исправен,Есть ПТС,Москва
530,350 000₽,Kawasaki 1400GTR,22 000 км,None,2009,1 352 куб. см.,None,Исправен,Есть ПТС,Москва
531,265 000₽,Honda VTX 1300,None,None,2006,1 300 куб. см.,None,Исправен,Есть ПТС,Москва
532,290 000₽,XVS 950 V-STAR 2010 г.,19 000 км,None,2010,950 куб. см.,None,Исправен,Есть ПТС,Москва
533,465 000₽,Kawasaki Ninja,31 000 км,None,2011,1 000 куб. см.,None,Исправен,Есть ПТС,Москва
534,460 000₽,Honda CB 1300 ST,33 000 км,None,2011,1 298 куб. см.,None,Исправен,Есть ПТС,Москва
535,298 000₽,Yamaha FZ 1,16 000 км,None,2011,1 000 куб. см.,None,Исправен,Есть ПТС,Москва
536,320 000₽,990 SM SUPER MOTO 2009 г.,41 000 км,None,2009,990 куб. см.,None,Исправен,Есть ПТС,Москва
537,500 000₽,Suzuki GSX S1000F,47 000 км,None,2015,1 000 куб. см.,None,Исправен,Есть ПТС,Москва
538,485 000₽,Yamaha XT 660 Tenere,42 687 км,None,2010,1 200 куб. см.,None,Исправен,Есть ПТС,Москва
539,270 000₽,Kawasaki Versys 650,4 500 км,None,2012,650 куб. см.,None,Исправен,Есть ПТС,Москва
540,650 000₽,Honda CBR 600RR,7 264 км,None,2016,600 куб. см.,None,Исправен,Есть ПТС,Москва
541,300 000₽,Yamaha FJR 1300,None,None,2007,1 300 куб. см.,None,Исправен,Есть ПТС,Москва
542,230 000₽,VT1100 SABRE 2001 г.,7 300 км,None,2001,1 100 куб. см.,None,Исправен,Есть ПТС,Москва
543,485 000₽,Honda VFR 1200F,27 000 км,None,2011,1 230 куб. см.,None,Исправен,Есть ПТС,Москва
